發生年,發生月,發生日,發生時,發生分,處理別,區序,肇事地點,死亡人數,2-30日死亡人數,受傷人數,當事人序,車種,天候,光線,道路類別,速限,道路型態,事故位置,路面狀況1,路面狀況2,路面狀況3,道路障礙1,道路障礙2,號誌1,號誌2,車道劃分-分向,車道劃分-分道1,車道劃分-分道2,車道劃分-分道3,事故類型及型態,性別,年齡,受傷程度,主要傷處,保護裝置,行動電話,車輛用途,當事者行動狀態,駕駛資格情形,駕駛執照種類,飲酒情形,車輛撞擊部位1,車輛撞擊部位2,肇因碼-個別,肇因碼-主要,個人肇逃否,職業,旅次目的,X,Y,Unnamed: 0
110,3,6,13,16,2,05中正區,中正區寶慶路49號,0,0.0,2,1,B03,6.0,3.0,5.0,50,14.0,9.0,1.0,4.0,4.0,5.0,7.0,4.0,4.0,9.0,4.0,5.0,1.0,12.0,1,44.0,3.0,10.0,1.0,1.0,7.0,7.0,1.0,8.0,1.0,4.0,,7.0,7.0,1.0,22.0,9.0,121.5099407,25.04157024,
110,3,6,13,16,2,05中正區,中正區寶慶路49號,0,0.0,2,2,C03,6.0,3.0,5.0,50,14.0,9.0,1.0,4.0,4.0,5.0,7.0,4.0,4.0,9.0,4.0,5.0,1.0,12.0,1,54.0,2.0,7.0,1.0,1.0,7.0,9.0,1.0,10.0,1.0,11.0,,44.0,7.0,1.0,22.0,9.0,121.5099407,25.04157024,
110,3,6,13,16,2,05中正區,中正區寶慶路49號,0,0.0,2,3,H02,6.0,3.0,5.0,50,14.0,9.0,1.0,4.0,4.0,5.0,7.0,4.0,4.0,9.0,4.0,5.0,1.0,12.0,2,13.0,2.0,9.0,4.0,5.0,7.0,21.0,8.0,20.0,10.0,15.0,,67.0,7.0,1.0,22.0,9.0,121.5099407,25.04157024,
109,8,31,15,46,2,05中正區,中正區寶慶路45號前,0,0.0,2,1,C03,8.0,1.0,5.0,50,14.0,9.0,1.0,5.0,4.0,5.0,7.0,4.0,4.0,9.0,4.0,5.0,1.0,16.0,1,58.0,2.0,5.0,1.0,1.0,,7.0,11.0,1.0,10.0,1.0,14.0,26.0,26.0,1.0,21.0,1.0,121.5099399,25.04159239,37085.0
109,8,31,15,46,2,05中正區,中正區寶慶路45號前,0,0.0,2,2,C03,8.0,1.0,5.0,50,14.0,9.0,1.0,5.0,4.0,5.0,7.0,4.0,4.0,9.0,4.0,5.0,1.0,16.0,1,20.0,2.0,8.0,1.0,1.0,,7.0,9.0,1.0,10.0,1.0,11.0,23.0,26.0,1.0,21.0,1.0,121.5099399,25.04159239,37086.0
109,8,31,18,50,2,05中正區,中正區寶慶路公車站,0,0.0,1,1,A02,7.0,3.0,5.0,50,14.0,9.0,1.0,4.0,4.0,5.0,7.0,4.0,4.0,10.0,4.0,5.0,1.0,9.0,1,60.0,3.0,10.0,1.0,1.0,,7.0,1.0,1.0,2.0,2.0,5.0,36.0,36.0,1.0,22.0,9.0,121.5098868,25.04149753,37133.0
109,8,31,18,50,2,05中正區,中正區寶慶路公車站,0,0.0,1,2,H02,7.0,3.0,5.0,50,14.0,9.0,1.0,4.0,4.0,5.0,7.0,4.0,4.0,10.0,4.0,5.0,1.0,9.0,2,67.0,2.0,7.0,4.0,5.0,,7.0,19.0,8.0,20.0,10.0,16.0,67.0,36.0,1.0,22.0,9.0,121.5098868,25.04149753,37134.0
109,11,11,7,19,2,05中正區,中正區寶慶路43號,0,0.0,1,1,H01,8.0,1.0,5.0,10,14.0,9.0,1.0,5.0,4.0,5.0,7.0,4.0,4.0,10.0,4.0,5.0,1.0,3.0,2,71.0,2.0,8.0,4.0,5.0,,8.0,16.0,8.0,20.0,10.0,16.0,51.0,51.0,1.0,22.0,9.0,121.5100055,25.04154224,49131.0
109,11,11,7,19,2,05中正區,中正區寶慶路43號,0,0.0,1,2,B03,8.0,1.0,5.0,10,14.0,9.0,1.0,5.0,4.0,5.0,7.0,4.0,4.0,10.0,4.0,5.0,1.0,3.0,1,52.0,3.0,10.0,1.0,1.0,,7.0,9.0,1.0,8.0,2.0,4.0,23.0,51.0,1.0,22.0,9.0,121.5100055,25.04154224,49132.0
108,6,21,11,8,2,05中正區,中正區寶慶路63號,0,,1,1,B02,8.0,,,50,14.0,9.0,,,,,,,,,,,,,1,57.0,3.0,,,,,,,,,,,,,,,,,,18378.0
108,6,21,11,8,2,05中正區,中正區寶慶路63號,0,,1,2,C03,8.0,,,50,14.0,9.0,,,,,,,,,,,,,1,36.0,2.0,,,,,,,,,,,,,,,,,,18379.0
108,9,27,0,23,2,05中正區,中正區寶慶路57號,0,,1,1,B01,7.0,,,50,14.0,9.0,,,,,,,,,,,,,1,36.0,3.0,,,,,,,,,,,,,,,,,,18736.0
108,9,27,0,23,2,05中正區,中正區寶慶路57號,0,,1,2,C03,7.0,,,50,14.0,9.0,,,,,,,,,,,,,1,35.0,2.0,,,,,,,,,,,,,,,,,,18737.0
108,8,30,10,4,2,05中正區,中正區寶慶路45號對面,0,,1,1,A04,8.0,,,50,14.0,9.0,,,,,,,,,,,,,1,42.0,3.0,,,,,,,,,,,,,,,,,,18893.0
108,8,30,10,4,2,05中正區,中正區寶慶路45號對面,0,,1,2,H02,8.0,,,50,14.0,9.0,,,,,,,,,,,,,1,81.0,2.0,,,,,,,,,,,,,,,,,,18894.0
108,8,26,12,3,2,05中正區,中正區寶慶路台灣銀行前,0,,1,1,B12,8.0,,,50,14.0,9.0,,,,,,,,,,,,,1,53.0,3.0,,,,,,,,,,,,,,,,,,19099.0
108,8,26,12,3,2,05中正區,中正區寶慶路台灣銀行前,0,,1,2,C03,8.0,,,50,14.0,9.0,,,,,,,,,,,,,1,30.0,2.0,,,,,,,,,,,,,,,,,,19100.0
108,1,13,15,50,2,05中正區,中正區寶慶路69號,0,,2,1,H01,7.0,,,0,14.0,9.0,,,,,,,,,,,,,1,33.0,2.0,,,,,,,,,,,,,,,,,,20241.0
108,1,13,15,50,2,05中正區,中正區寶慶路69號,0,,2,2,C03,7.0,,,0,14.0,9.0,,,,,,,,,,,,,2,36.0,2.0,,,,,,,,,,,,,,,,,,20242.0
108,3,12,8,58,2,05中正區,中正區寶慶路25號,0,,1,1,B12,8.0,,,50,14.0,9.0,,,,,,,,,,,,,1,63.0,3.0,,,,,,,,,,,,,,,,,,20480.0
108,3,12,8,58,2,05中正區,中正區寶慶路25號,0,,1,2,C03,8.0,,,50,14.0,9.0,,,,,,,,,,,,,1,32.0,2.0,,,,,,,,,,,,,,,,,,20481.0
108,12,5,18,10,2,05中正區,中正區寶慶路35號,0,,1,1,H01,6.0,,,0,14.0,9.0,,,,,,,,,,,,,2,49.0,2.0,,,,,,,,,,,,,,,,,,21124.0
108,12,5,18,10,2,05中正區,中正區寶慶路35號,0,,1,2,B03,6.0,,,0,14.0,9.0,,,,,,,,,,,,,1,49.0,3.0,,,,,,,,,,,,,,,,,,21125.0
107,3,16,14,30,2,05中正區,中正區寶慶路41號對面,0,,1,1,A02,8.0,,,50,15.0,22.0,,,,,,,,,,,,,1,51.0,3.0,,,,,,,,,,,,,,,,,,17080.0
107,3,16,14,30,2,05中正區,中正區寶慶路41號對面,0,,1,2,H02,8.0,,,50,15.0,22.0,,,,,,,,,,,,,1,80.0,2.0,,,,,,,,,,,,,,,,,,17081.0
107,8,8,14,50,2,05中正區,中正區寶慶路21號,0,,1,1,C04,8.0,,,50,14.0,9.0,,,,,,,,,,,,,2,54.0,2.0,,,,,,,,,,,,,,,,,,18325.0
107,8,8,14,50,2,05中正區,中正區寶慶路21號,0,,1,2,B01,8.0,,,50,14.0,9.0,,,,,,,,,,,,,1,60.0,3.0,,,,,,,,,,,,,,,,,,18326.0
106,3,13,18,50,2,05中正區,中正區寶慶路67號,0,,2,1,H01,6.0,,,50,11.0,9.0,,,,,,,,,,,,,1,74.0,2.0,,,,,,,,,,,,,,,,,,17507.0
106,3,13,18,50,2,05中正區,中正區寶慶路67號,0,,2,2,C03,6.0,,,50,11.0,9.0,,,,,,,,,,,,,1,53.0,2.0,,,,,,,,,,,,,,,,,,17508.0
106,12,27,12,25,2,05中正區,中正區寶慶路49號,0,,1,1,C03,8.0,,,50,14.0,9.0,,,,,,,,,,,,,1,44.0,2.0,,,,,,,,,,,,,,,,,,19820.0
106,12,27,12,25,2,05中正區,中正區寶慶路49號,0,,1,2,B03,8.0,,,50,14.0,9.0,,,,,,,,,,,,,1,43.0,3.0,,,,,,,,,,,,,,,,,,19821.0
106,12,25,8,41,2,05中正區,中正區寶慶路41號,0,,2,1,C03,8.0,,,50,14.0,9.0,,,,,,,,,,,,,2,56.0,2.0,,,,,,,,,,,,,,,,,,19850.0
106,12,25,8,41,2,05中正區,中正區寶慶路41號,0,,2,2,C03,8.0,,,50,14.0,9.0,,,,,,,,,,,,,1,40.0,2.0,,,,,,,,,,,,,,,,,,19851.0